Species,Latin,Name,FisheriesGild,Guild,SizeGuild2,SizeGuild,TrophicGuild,LM,TL_patel,Tropic_level,MainDiet,Diet,FeedingGuild,Size,Piscivore,GeneralistPlanktivore,Zooplanktivore,SpecialistBenthivore
COD,Gadus morhua,Cod,Demersal,Benthopelagic,large demersal,large benthopelagic,demersal piscivore,65.4,4.17,4.09,nekton,fish,Piscivore,Large,1,0,0,0
HAD,Melanogrammus aeglefinus,Haddock,Demersal,Demersal,large demersal,large demersal,demersal piscivore,34.9,3.43,4.03,zoobenthos,benthos,Specialist Benthivore,Large,0,0,0,1
WHG,Merlangius merlangus,Whiting,Demersal,Benthopelagic,medium demersal,medium benthopelagic,demersal piscivore,28.2,4.22,4.36,nekton,fish,Piscivore,Medium,1,1,0,0
HKE,Merluccius merluccius,Hake,Demersal,Demersal,medium demersal,medium demersal,demersal piscivore,42.1,4.53,4.42,nekton,fish,Piscivore,Medium,1,0,0,0
WHB,Micromesistius poutassou,Blue whiting,Pelagic,Bathypelagic,medium pelagic,medium bathypelagic,pelagic planktivore,15,3.17,4.13,zooplankton,fish,Generalist Planktivore,Medium,0,1,0,0
SPR,Sprattus sprattus,Sprat,Pelagic,Pelagic,small pelagic,small pelagic,pelagic planktivore,10.1,3.17,3.01,zooplankton,zooplankton,Zooplanktivore,Small,0,0,1,0
HER,Clupea harengus,Herring,Pelagic,Pelagic,medium pelagic,medium pelagic,pelagic planktivore,16.7,3.61,3.38,zooplankton,fish,Generalist Planktivore,Small,0,1,1,0
MAC,Scomber scombrus,Mackerel,Pelagic,Pelagic,medium pelagic,medium pelagic,pelagic piscivore,28.7,3.67,3.63,zooplankton,other,Generalist Planktivore,Medium,0,1,0,0
HOM,Trachurus trachurus,Horse mackerel,Pelagic,Pelagic,medium pelagic,small pelagic,pelagic piscivore,22.9,3.71,3.71,nekton,zooplankton,Generalist Planktivore,Medium,1,1,1,0
PIL,Sardina pilchardus,Pilchard,Pelagic,Pelagic,small pelagic,small pelagic,pelagic planktivore,14.8,3.14,3.06,zooplankton,other,Zooplanktivore,Small,0,0,1,0
